node;slrPeft;speedupPeft;exeTimePeft;slrHeft;speedupHeft,exetimeHeft
52;5.833791785770018E-6;0.4231893783461391;-9999653.508658111;5.062908184075864E-6;0.4876246278741195;-9999664.465121457
52;4.6776397739635416E-6;0.544749311734289;-9999698.818271032;5.2507742902258955E-6;0.48528862726985533;-9999645.732333057
52;4.6099588066471406E-6;0.6017507136790916;-9999712.407834195;5.228291502340789E-6;0.5305836525544044;-9999667.570111545
52;4.724769171033571E-6;0.5360767518381967;-9999711.469246058;5.1502705023346165E-6;0.49178754965293386;-9999644.183085036
52;5.6182423362445275E-6;0.4490143826777201;-9999639.032011572;5.025540976279763E-6;0.5019701612720938;-9999672.050557584
52;5.879435096478673E-6;0.4532037691073988;-9999617.278148724;4.9816766846216584E-6;0.5348765716113155;-9999682.423334148
52;5.650088617809538E-6;0.43672615464672043;-9999608.960607829;5.444039810331199E-6;0.45325558986297076;-9999636.712800061
52;5.141713255125517E-6;0.56241704324007;-9999681.906568483;5.296630961083509E-6;0.5459672737978347;-9999681.566682357
